name,faction,start_date,end_date
Абдуллін Олександр Рафкатович,"Фракція Всеукраїнського об'єднання ""Батьківщина""",2012-12-12,
Аваков Арсен Борисович,"Фракція Всеукраїнського об'єднання ""Батьківщина""",2012-12-12,2014-03-17
Аверченко Сергій Миколайович,"Фракція Політичної партії ""УДАР (Український Демократичний Альянс за Реформи) Віталія Кличка""",2012-12-12,2014-04-01
Агафонова Наталія Володимирівна,"Фракція Політичної партії ""УДАР (Український Демократичний Альянс за Реформи) Віталія Кличка""",2012-12-12,
Азаров Микола Янович,Фракція ПАРТІЇ РЕГІОНІВ у Верховній Раді України сьомого скликання,2012-12-12,2012-12-18
Азаров Олексій Миколайович,Фракція ПАРТІЇ РЕГІОНІВ у Верховній Раді України сьомого скликання,2012-12-12,
Алексєєв Ігор Вікторович,Фракція Комуністичної партії України,2012-12-12,2014-07-24
Андрієвський Дмитро Йосипович,"Фракція Всеукраїнського об'єднання ""Батьківщина""",2012-12-12,
Апостол Михайло Володимирович,"Фракція Всеукраїнського об'єднання ""Батьківщина""",2012-12-12,
Ар'єв Володимир Ігорович,"Фракція Всеукраїнського об'єднання ""Батьківщина""",2012-12-12,
Аркаллаєв Нуруліслам Гаджиєвич,Фракція ПАРТІЇ РЕГІОНІВ у Верховній Раді України сьомого скликання,2012-12-12,
Атрошенко Владислав Анатолійович,Фракція ПАРТІЇ РЕГІОНІВ у Верховній Раді України сьомого скликання,2012-12-12,2014-02-20
Баграєв Микола Георгійович,Фракція ПАРТІЇ РЕГІОНІВ у Верховній Раді України сьомого скликання,2012-12-12,2014-02-21
Баграєв Микола Георгійович,"Група ""Суверенна європейська Україна""",2014-02-27,
Бадаєв Руслан Геннадійович,"Група ""Суверенна європейська Україна""",2014-02-27,
Байдюк Лариса Макарівна,Фракція Комуністичної партії України,2012-12-12,2014-07-24
Байсаров Леонід Володимирович,Фракція ПАРТІЇ РЕГІОНІВ у Верховній Раді України сьомого скликання,2012-12-12,
Баландін Сергій Вікторович,Фракція Комуністичної партії України,2012-12-12,2014-07-24
Балицький Євген Віталійович,Фракція ПАРТІЇ РЕГІОНІВ у Верховній Раді України сьомого скликання,2012-12-12,2014-06-03
Балицький Євген Віталійович,"Група ""За мир та стабільність""",2014-07-02,
Балога Павло Іванович,Фракція ПАРТІЇ РЕГІОНІВ у Верховній Раді України сьомого скликання,2012-12-12,2013-04-16
Бандуров Володимир Володимирович,Фракція ПАРТІЇ РЕГІОНІВ у Верховній Раді України сьомого скликання,2012-12-12,2014-08-12
Барвіненко Віталій Дмитрович,Фракція ПАРТІЇ РЕГІОНІВ у Верховній Раді України сьомого скликання,2012-12-12,2014-02-22
Барвіненко Віталій Дмитрович,"Група ""Економічний розвиток""",2014-02-24,
Бахтеєва Тетяна Дмитрівна,Фракція ПАРТІЇ РЕГІОНІВ у Верховній Раді України сьомого скликання,2012-12-12,
Безбах Яків Якович,Фракція ПАРТІЇ РЕГІОНІВ у Верховній Раді України сьомого скликання,2012-12-12,
Бенюк Богдан Михайлович,"Фракція Всеукраїнське об'єднання ""Свобода""",2012-12-12,
Бережна Ірина Григоріївна,Фракція ПАРТІЇ РЕГІОНІВ у Верховній Раді України сьомого скликання,2012-12-12,
Березкін Станіслав Семенович,Фракція ПАРТІЇ РЕГІОНІВ у Верховній Раді України сьомого скликання,2012-12-12,2014-02-21
Березкін Станіслав Семенович,"Група ""Економічний розвиток""",2014-02-24,
Бєлькова Ольга Валентинівна,"Фракція Політичної партії ""УДАР (Український Демократичний Альянс за Реформи) Віталія Кличка""",2012-12-12,
Бідьовка Володимир Анатолійович,Фракція Комуністичної партії України,2012-12-12,2014-07-24
Білий Олексій Петрович,Фракція ПАРТІЇ РЕГІОНІВ у Верховній Раді України сьомого скликання,2012-12-12,
Біловол Олександр Миколайович,Фракція ПАРТІЇ РЕГІОНІВ у Верховній Раді України сьомого скликання,2012-12-12,2014-02-22
Біловол Олександр Миколайович,"Група ""Економічний розвиток""",2014-02-27,
Блавацький Михайло Васильович,"Фракція Всеукраїнське об'єднання ""Свобода""",2012-12-12,
Благодир Юрій Анатолійович,Фракція ПАРТІЇ РЕГІОНІВ у Верховній Раді України сьомого скликання,2013-01-10,2014-02-20
Благодир Юрій Анатолійович,"Група ""Суверенна європейська Україна""",2014-02-27,
Близнюк Анатолій Михайлович,Фракція ПАРТІЇ РЕГІОНІВ у Верховній Раді України сьомого скликання,2012-12-12,
Бобков Олександр Михайлович,Фракція ПАРТІЇ РЕГІОНІВ у Верховній Раді України сьомого скликання,2012-12-12,2014-06-03
Бобков Олександр Михайлович,"Група ""За мир та стабільність""",2014-07-02,
Бобов Геннадій Борисович,Фракція ПАРТІЇ РЕГІОНІВ у Верховній Раді України сьомого скликання,2012-12-12,2014-02-20
Бобов Геннадій Борисович,"Група ""Економічний розвиток""",2014-02-24,
Богдан Руслан Дмитрович,"Фракція Всеукраїнського об'єднання ""Батьківщина""",2014-06-19,
Богословська Інна Германівна,Фракція ПАРТІЇ РЕГІОНІВ у Верховній Раді України сьомого скликання,2012-12-12,2013-12-03
Богуслаєв Вячеслав Олександрович,Фракція ПАРТІЇ РЕГІОНІВ у Верховній Раді України сьомого скликання,2012-12-12,
Бойко Володимир Богданович,"Фракція Всеукраїнського об'єднання ""Батьківщина""",2012-12-12,
Бойко Володимир Семенович,Фракція ПАРТІЇ РЕГІОНІВ у Верховній Раді України сьомого скликання,2012-12-12,
Бондар Віктор Васильович,Фракція ПАРТІЇ РЕГІОНІВ у Верховній Раді України сьомого скликання,2012-12-12,2014-02-20
Бондар Віктор Васильович,"Група ""Суверенна європейська Україна""",2014-02-27,
Бондаренко Володимир Дмитрович,"Фракція Всеукраїнського об'єднання ""Батьківщина""",2012-12-12,2014-05-13
Бондаренко Олена Анатоліївна,Фракція ПАРТІЇ РЕГІОНІВ у Верховній Раді України сьомого скликання,2012-12-12,
Бондарєв Костянтин Анатолійович,"Фракція Всеукраїнського об'єднання ""Батьківщина""",2012-12-12,
Бондарчук Олег Володимирович,"Фракція Всеукраїнське об'єднання ""Свобода""",2014-03-11,
Борита Ольга Василівна,Фракція Комуністичної партії України,2012-12-12,2014-07-24
Борт Віталій Петрович,Фракція ПАРТІЇ РЕГІОНІВ у Верховній Раді України сьомого скликання,2012-12-12,
Боярський Юрій Іванович,Фракція ПАРТІЇ РЕГІОНІВ у Верховній Раді України сьомого скликання,2012-12-12,
Брайко Сергій Борисович,Фракція ПАРТІЇ РЕГІОНІВ у Верховній Раді України сьомого скликання,2012-12-12,2014-06-06
Брайко Сергій Борисович,"Група ""За мир та стабільність""",2014-07-02,
Бригинець Олександр Михайлович,"Фракція Всеукраїнського об'єднання ""Батьківщина""",2012-12-12,
Бриченко Ігор Віталійович,"Фракція Всеукраїнського об'єднання ""Батьківщина""",2012-12-12,
Бублик Юрій Васильович,"Фракція Всеукраїнське об'єднання ""Свобода""",2012-12-12,
Булах Вікторія Володимирівна,Фракція Комуністичної партії України,2012-12-12,2014-07-24
Бурбак Максим Юрійович,"Фракція Всеукраїнського об'єднання ""Батьківщина""",2012-12-12,2014-03-17
Буряк Сергій Васильович,Фракція ПАРТІЇ РЕГІОНІВ у Верховній Раді України сьомого скликання,2012-12-12,2014-02-21
Буряк Сергій Васильович,"Група ""Економічний розвиток""",2014-02-24,
Бутківський Віктор Володимирович,Фракція ПАРТІЇ РЕГІОНІВ у Верховній Раді України сьомого скликання,2012-12-12,
Буховець Олег Юлійович,Фракція Комуністичної партії України,2012-12-12,2014-07-24
Буховець Олег Юлійович,"Група ""За мир та стабільність""",2014-07-25,
Бушко Іван Іванович,Фракція ПАРТІЇ РЕГІОНІВ у Верховній Раді України сьомого скликання,2012-12-12,2014-02-20
Бушко Іван Іванович,"Група ""Суверенна європейська Україна""",2014-02-27,
Ванзуряк Роман Степанович,"Фракція Політичної партії ""УДАР (Український Демократичний Альянс за Реформи) Віталія Кличка""",2012-12-12,2014-04-15
Васадзе Таріел Шакрович,Фракція ПАРТІЇ РЕГІОНІВ у Верховній Раді України сьомого скликання,2012-12-12,2014-02-21
Васадзе Таріел Шакрович,"Група ""Економічний розвиток""",2014-02-24,
Васильєв Геннадій Андрійович,Фракція ПАРТІЇ РЕГІОНІВ у Верховній Раді України сьомого скликання,2012-12-12,2014-02-22
Васильєв Геннадій Андрійович,"Група ""За мир та стабільність""",2014-07-02,
Васильєв Олександр Андрійович,Фракція ПАРТІЇ РЕГІОНІВ у Верховній Раді України сьомого скликання,2012-12-12,2014-06-03
Васильєв Олександр Андрійович,"Група ""За мир та стабільність""",2014-07-02,
Васюник Ігор Васильович,"Фракція Всеукраїнського об'єднання ""Батьківщина""",2012-12-12,
Ващук Катерина Тимофіївна,Фракція ПАРТІЇ РЕГІОНІВ у Верховній Раді України сьомого скликання,2012-12-12,2014-02-21
Ващук Катерина Тимофіївна,"Група ""Суверенна європейська Україна""",2014-02-27,
Веревський Андрій Михайлович,Фракція ПАРТІЇ РЕГІОНІВ у Верховній Раді України сьомого скликання,2012-12-12,2013-03-05
Вечерко Володимир Миколайович,Фракція ПАРТІЇ РЕГІОНІВ у Верховній Раді України сьомого скликання,2012-12-12,2014-06-03
Вечерко Володимир Миколайович,"Група ""За мир та стабільність""",2014-07-02,2014-10-20
Вітів Анатолій Миколайович,"Фракція Всеукраїнське об'єднання ""Свобода""",2012-12-12,
Власенко Сергій Володимирович,"Фракція Всеукраїнського об'єднання ""Батьківщина""",2012-12-12,2013-03-06
Власенко Сергій Володимирович,"Фракція Всеукраїнського об'єднання ""Батьківщина""",2014-03-04,
Вознюк Юрій Володимирович,"Фракція Всеукраїнського об'єднання ""Батьківщина""",2012-12-12,
Волков Олександр Анатолійович,Фракція ПАРТІЇ РЕГІОНІВ у Верховній Раді України сьомого скликання,2012-12-12,2014-04-17
Волков Олександр Анатолійович,"Група ""Економічний розвиток""",2014-04-24,
Волков Олександр Михайлович,Фракція ПАРТІЇ РЕГІОНІВ у Верховній Раді України сьомого скликання,2012-12-12,2014-02-22
Волков Олександр Михайлович,Фракція ПАРТІЇ РЕГІОНІВ у Верховній Раді України сьомого скликання,2014-04-08,
Воропаєв Юрій Миколайович,Фракція ПАРТІЇ РЕГІОНІВ у Верховній Раді України сьомого скликання,2012-12-12,
Гайдош Іштван Ференцович,Фракція ПАРТІЇ РЕГІОНІВ у Верховній Раді України сьомого скликання,2012-12-12,2014-02-20
Гайдош Іштван Ференцович,"Група ""Суверенна європейська Україна""",2014-02-27,
Ганчуков Олександр Костянтинович,Фракція Комуністичної партії України,2014-06-03,2014-07-24
Гелевей Олег Іванович,"Фракція Всеукраїнське об'єднання ""Свобода""",2012-12-12,
Герасимчук Михайло Іванович,Фракція Комуністичної партії України,2012-12-12,2013-11-07
Геращенко Ірина Володимирівна,"Фракція Політичної партії ""УДАР (Український Демократичний Альянс за Реформи) Віталія Кличка""",2012-12-12,
Герега Олександр Володимирович,Фракція ПАРТІЇ РЕГІОНІВ у Верховній Раді України сьомого скликання,2012-12-12,2014-02-21
Гержов Юрій Іванович,Фракція ПАРТІЇ РЕГІОНІВ у Верховній Раді України сьомого скликання,2012-12-12,2014-02-22
Гержов Юрій Іванович,"Група ""Економічний розвиток""",2014-02-24,
Герман Ганна Миколаївна,Фракція ПАРТІЇ РЕГІОНІВ у Верховній Раді України сьомого скликання,2012-12-12,
Гєллєр Євгеній Борисович,Фракція ПАРТІЇ РЕГІОНІВ у Верховній Раді України сьомого скликання,2012-12-12,
Гінка Ярослав Ярославович,"Фракція Політичної партії ""УДАР (Український Демократичний Альянс за Реформи) Віталія Кличка""",2012-12-12,
Гіршфельд Анатолій Мусійович,Фракція ПАРТІЇ РЕГІОНІВ у Верховній Раді України сьомого скликання,2012-12-12,2014-04-08
Гладій Василь Іванович,"Фракція Всеукраїнського об'єднання ""Батьківщина""",2012-12-12,
Глазунов Сергій Миколайович,Фракція ПАРТІЇ РЕГІОНІВ у Верховній Раді України сьомого скликання,2012-12-12,
Головко Валерій Анатолійович,"Фракція Всеукраїнського об'єднання ""Батьківщина""",2012-12-12,
Головко Михайло Йосифович,"Фракція Всеукраїнське об'єднання ""Свобода""",2012-12-12,
Голуб Олександр Володимирович,Фракція Комуністичної партії України,2012-12-12,2014-07-01
Голуб Олександр Володимирович,"Група ""За мир та стабільність""",2014-07-02,
Гончаров Анатолій Дмитрович,Фракція ПАРТІЇ РЕГІОНІВ у Верховній Раді України сьомого скликання,2012-12-12,2014-04-09
Гончаров Анатолій Дмитрович,"Група ""За мир та стабільність""",2014-07-02,
Гончаров Сергій Васильович,Фракція Комуністичної партії України,2012-12-12,2014-07-01
Гончаров Сергій Васильович,"Група ""За мир та стабільність""",2014-07-02,
Гордієнко Сергій Володимирович,Фракція Комуністичної партії України,2012-12-12,2014-07-24
Горіна Ірина Анатоліївна,Фракція ПАРТІЇ РЕГІОНІВ у Верховній Раді України сьомого скликання,2012-12-12,2014-04-08
Горохов Сергій Олександрович,Фракція ПАРТІЇ РЕГІОНІВ у Верховній Раді України сьомого скликання,2012-12-12,2014-06-03
Горохов Сергій Олександрович,"Група ""За мир та стабільність""",2014-07-02,
Гриневецький Сергій Рафаїлович,Фракція ПАРТІЇ РЕГІОНІВ у Верховній Раді України сьомого скликання,2012-12-12,2014-07-04
Гриневич Лілія Михайлівна,"Фракція Всеукраїнського об'єднання ""Батьківщина""",2012-12-12,
Гринів Ігор Олексійович,"Фракція Всеукраїнського об'єднання ""Батьківщина""",2014-03-25,
Гриценко Анатолій Степанович,"Фракція Всеукраїнського об'єднання ""Батьківщина""",2012-12-12,2014-02-04
Груба Григорій Іванович,Фракція ПАРТІЇ РЕГІОНІВ у Верховній Раді України сьомого скликання,2012-12-12,2014-03-04
Груба Григорій Іванович,"Група ""За мир та стабільність""",2014-07-02,
Грушевський Віталій Анатолійович,Фракція ПАРТІЇ РЕГІОНІВ у Верховній Раді України сьомого скликання,2012-12-12,2014-02-22
Грушевський Віталій Анатолійович,Фракція ПАРТІЇ РЕГІОНІВ у Верховній Раді України сьомого скликання,2014-04-08,2014-06-03
Грушевський Віталій Анатолійович,"Група ""За мир та стабільність""",2014-07-02,2014-10-07
Губар Віктор Іванович,Фракція Комуністичної партії України,2012-12-12,2014-07-24
Гузенко Костянтин Олександрович,Фракція ПАРТІЇ РЕГІОНІВ у Верховній Раді України сьомого скликання,2012-12-12,
Гурвіц Едуард Йосипович,"Фракція Політичної партії ""УДАР (Український Демократичний Альянс за Реформи) Віталія Кличка""",2012-12-12,
Данілов Віталій Богданович,"Фракція Всеукраїнського об'єднання ""Батьківщина""",2012-12-12,
Даценко Леонід Миколайович,"Фракція Всеукраїнського об'єднання ""Батьківщина""",2014-02-04,
Дейч Борис Давидович,Фракція ПАРТІЇ РЕГІОНІВ у Верховній Раді України сьомого скликання,2012-12-12,
Демедюк Василь Харитонович,Фракція Комуністичної партії України,2013-12-19,2014-07-24
Демедюк Василь Харитонович,"Група ""За мир та стабільність""",2014-07-25,
Демидко Володимир Миколайович,Фракція ПАРТІЇ РЕГІОНІВ у Верховній Раді України сьомого скликання,2012-12-12,
Демішкан Володимир Федорович,Фракція ПАРТІЇ РЕГІОНІВ у Верховній Раді України сьомого скликання,2012-12-12,2014-02-25
Демішкан Володимир Федорович,"Група ""Економічний розвиток""",2014-02-24,
Демянко Микола Іванович,Фракція ПАРТІЇ РЕГІОНІВ у Верховній Раді України сьомого скликання,2012-12-12,
Денисенко Анатолій Петрович,Фракція ПАРТІЇ РЕГІОНІВ у Верховній Раді України сьомого скликання,2012-12-12,2014-06-03
Денисенко Анатолій Петрович,"Група ""За мир та стабільність""",2014-07-02,
Денісова Людмила Леонтіївна,"Фракція Всеукраїнського об'єднання ""Батьківщина""",2012-12-12,2014-03-17
Деревляний Василь Тимофійович,"Фракція Всеукраїнського об'єднання ""Батьківщина""",2012-12-12,
Деркач Андрій Леонідович,Фракція ПАРТІЇ РЕГІОНІВ у Верховній Раді України сьомого скликання,2012-12-12,2014-02-21
Джемілєв Мустафа,"Фракція Всеукраїнського об'єднання ""Батьківщина""",2012-12-12,
Джига Микола Васильович,Фракція ПАРТІЇ РЕГІОНІВ у Верховній Раді України сьомого скликання,2012-12-12,2014-02-21
Джига Микола Васильович,"Група ""Суверенна європейська Україна""",2014-02-27,
Дзарданов Микола Сергійович,Фракція Комуністичної партії України,2012-12-12,2014-07-24
Дзензерський Денис Вікторович,"Фракція Всеукраїнського об'єднання ""Батьківщина""",2012-12-12,
Дзоз Віталіна Олексіївна,Фракція ПАРТІЇ РЕГІОНІВ у Верховній Раді України сьомого скликання,2012-12-12,2014-06-03
Дзоз Віталіна Олексіївна,"Група ""За мир та стабільність""",2014-07-02,
Дирів Анатолій Борисович,"Фракція Всеукраїнського об'єднання ""Батьківщина""",2012-12-12,
Дмитрук Микола Ілліч,Фракція ПАРТІЇ РЕГІОНІВ у Верховній Раді України сьомого скликання,2012-12-12,2014-02-27
Дмитрук Микола Ілліч,"Група ""Економічний розвиток""",2014-02-28,
Добкін Дмитро Маркович,Фракція ПАРТІЇ РЕГІОНІВ у Верховній Раді України сьомого скликання,2012-12-12,
Долженков Олександр Валерійович,Фракція ПАРТІЇ РЕГІОНІВ у Верховній Раді України сьомого скликання,2012-12-12,
Донець Тетяна Анатоліївна,"Фракція Всеукраїнського об'єднання ""Батьківщина""",2012-12-12,
Доній Олександр Сергійович,"Група ""Суверенна європейська Україна""",2014-02-27,
Дорохов Антон Миколайович,Фракція Комуністичної партії України,2012-12-12,2014-07-24
Дубіль Валерій Олександрович,"Фракція Всеукраїнського об'єднання ""Батьківщина""",2012-12-12,
Дубневич Ярослав Васильович,"Фракція Політичної партії ""УДАР (Український Демократичний Альянс за Реформи) Віталія Кличка""",2012-12-12,
Дубовой Олександр Федорович,"Фракція Всеукраїнського об'єднання ""Батьківщина""",2012-12-12,
Дудка Володимир Володимирович,Фракція ПАРТІЇ РЕГІОНІВ у Верховній Раді України сьомого скликання,2012-12-12,2014-02-22
Дудка Володимир Володимирович,"Група ""Суверенна європейська Україна""",2014-02-27,
Дудка Олександр Іванович,Фракція ПАРТІЇ РЕГІОНІВ у Верховній Раді України сьомого скликання,2012-12-12,2014-06-03
Дудка Олександр Іванович,Фракція ПАРТІЇ РЕГІОНІВ у Верховній Раді України сьомого скликання,2014-07-03,
Дунаєв Сергій Володимирович,Фракція ПАРТІЇ РЕГІОНІВ у Верховній Раді України сьомого скликання,2012-12-12,2014-04-08
Єгоров Олександр Миколайович,Фракція ПАРТІЇ РЕГІОНІВ у Верховній Раді України сьомого скликання,2012-12-12,2014-03-11
Єдін Олександр Йосипович,Фракція ПАРТІЇ РЕГІОНІВ у Верховній Раді України сьомого скликання,2012-12-12,2014-02-22
Єдін Олександр Йосипович,"Група ""Економічний розвиток""",2014-02-24,
Ємець Леонід Олександрович,"Фракція Всеукраїнського об'єднання ""Батьківщина""",2012-12-12,
Єремеєв Ігор Миронович,"Група ""Суверенна європейська Україна""",2014-02-27,
Єфремов Олександр Сергійович,Фракція ПАРТІЇ РЕГІОНІВ у Верховній Раді України сьомого скликання,2012-12-12,
Жванія Давид Важаєвич,Фракція ПАРТІЇ РЕГІОНІВ у Верховній Раді України сьомого скликання,2012-12-12,2013-12-03
Жеребнюк Віктор Миколайович,Фракція ПАРТІЇ РЕГІОНІВ у Верховній Раді України сьомого скликання,2012-12-12,2014-02-22
Жеребнюк Віктор Миколайович,"Група ""Суверенна європейська Україна""",2014-02-27,
Жук Микола Васильович,Фракція ПАРТІЇ РЕГІОНІВ у Верховній Раді України сьомого скликання,2012-12-12,2014-02-22
Жук Микола Васильович,"Група ""Економічний розвиток""",2014-02-24,
Журавський Віталій Станіславович,Фракція ПАРТІЇ РЕГІОНІВ у Верховній Раді України сьомого скликання,2012-12-12,2014-02-27
Журавський Віталій Станіславович,"Група ""Економічний розвиток""",2014-02-28,
Забзалюк Роман Омелянович,"Фракція Всеукраїнського об'єднання ""Батьківщина""",2012-12-12,2014-02-04
Задорожний Вячеслав Казимирович,Фракція ПАРТІЇ РЕГІОНІВ у Верховній Раді України сьомого скликання,2012-12-12,
Зарубінський Олег Олександрович,Фракція ПАРТІЇ РЕГІОНІВ у Верховній Раді України сьомого скликання,2012-12-12,2014-02-21
Зарубінський Олег Олександрович,"Група ""Суверенна європейська Україна""",2014-02-27,
Зац Олександр Вікторович,Фракція ПАРТІЇ РЕГІОНІВ у Верховній Раді України сьомого скликання,2013-01-10,
Звягільський Юхим Леонідович,Фракція ПАРТІЇ РЕГІОНІВ у Верховній Раді України сьомого скликання,2012-12-12,
Зелик Руслан Богданович,"Фракція Всеукраїнське об'єднання ""Свобода""",2012-12-12,
Зубик Володимир Володимирович,Фракція ПАРТІЇ РЕГІОНІВ у Верховній Раді України сьомого скликання,2012-12-12,2014-02-21
Зубик Володимир Володимирович,"Група ""Суверенна європейська Україна""",2014-02-27,2014-05-13
Зубко Геннадій Григорович,"Фракція Всеукраїнського об'єднання ""Батьківщина""",2012-12-12,
Зубчевський Олександр Петрович,Фракція Комуністичної партії України,2012-12-12,2014-07-01
Зубчевський Олександр Петрович,"Група ""За мир та стабільність""",2014-07-02,
Іванчук Андрій Володимирович,"Фракція Всеукраїнського об'єднання ""Батьківщина""",2012-12-12,
Іванющенко Юрій Володимирович,Фракція ПАРТІЇ РЕГІОНІВ у Верховній Раді України сьомого скликання,2012-12-12,
Івахів Степан Петрович,"Група ""Суверенна європейська Україна""",2014-02-27,
Ілик Роман Романович,"Фракція Всеукраїнського об'єднання ""Батьківщина""",2012-12-12,
Іллєнко Андрій Юрійович,"Фракція Всеукраїнське об'єднання ""Свобода""",2012-12-12,
Ільюк Артем Олександрович,Фракція ПАРТІЇ РЕГІОНІВ у Верховній Раді України сьомого скликання,2012-12-12,2014-02-22
Ільюк Артем Олександрович,"Група ""Економічний розвиток""",2014-02-24,2014-10-07
Ільюк Артем Олександрович,"Група ""Економічний розвиток""",2014-10-14,
Іляшенко Віталій Володимирович,"Фракція Політичної партії ""УДАР (Український Демократичний Альянс за Реформи) Віталія Кличка""",2014-06-17,
Іонова Марія Миколаївна,"Фракція Політичної партії ""УДАР (Український Демократичний Альянс за Реформи) Віталія Кличка""",2012-12-12,
Іоффе Юлій Якович,Фракція ПАРТІЇ РЕГІОНІВ у Верховній Раді України сьомого скликання,2012-12-12,2014-04-08
Іщенко Валерій Олександрович,"Фракція Політичної партії ""УДАР (Український Демократичний Альянс за Реформи) Віталія Кличка""",2012-12-12,
Кайда Олексій Петрович,"Фракція Всеукраїнське об'єднання ""Свобода""",2012-12-12,
Калетник Оксана Миколаївна,Фракція Комуністичної партії України,2012-12-12,2014-05-29
Калетнік Григорій Миколайович,Фракція ПАРТІЇ РЕГІОНІВ у Верховній Раді України сьомого скликання,2012-12-12,2014-02-21
Калєтнік Ігор Григорович,Фракція Комуністичної партії України,2012-12-12,2012-12-13
Калєтнік Ігор Григорович,Фракція Комуністичної партії України,2014-04-08,2014-06-19
Кальцев Сергій Федорович,Фракція ПАРТІЇ РЕГІОНІВ у Верховній Раді України сьомого скликання,2012-12-12,
Кальченко Валерій Михайлович,"Фракція Всеукраїнського об'єднання ""Батьківщина""",2012-12-12,
Калюжний Віталій Анатолійович,Фракція ПАРТІЇ РЕГІОНІВ у Верховній Раді України сьомого скликання,2012-12-12,
Канівець Олег Леонідович,"Фракція Всеукраїнського об'єднання ""Батьківщина""",2012-12-12,2013-04-04
Каплін Сергій Миколайович,"Фракція Політичної партії ""УДАР (Український Демократичний Альянс за Реформи) Віталія Кличка""",2012-12-12,
Карпунцов Валерій Віталійович,"Фракція Політичної партії ""УДАР (Український Демократичний Альянс за Реформи) Віталія Кличка""",2012-12-12,
Карташов Євген Григорович,Фракція ПАРТІЇ РЕГІОНІВ у Верховній Раді України сьомого скликання,2012-12-12,2014-02-23
Карташов Євген Григорович,Фракція ПАРТІЇ РЕГІОНІВ у Верховній Раді України сьомого скликання,2014-03-11,
Катеринчук Микола Дмитрович,"Фракція Всеукраїнського об'єднання ""Батьківщина""",2012-12-12,
Кацуба Володимир Михайлович,Фракція ПАРТІЇ РЕГІОНІВ у Верховній Раді України сьомого скликання,2012-12-12,2014-02-23
Кацуба Володимир Михайлович,"Група ""Суверенна європейська Україна""",2014-02-27,
Кацуба Сергій Володимирович,Фракція ПАРТІЇ РЕГІОНІВ у Верховній Раді України сьомого скликання,2012-12-12,2014-02-22
Кацуба Сергій Володимирович,"Група ""Суверенна європейська Україна""",2014-02-27,
Кий Сергій Вікторович,Фракція ПАРТІЇ РЕГІОНІВ у Верховній Раді України сьомого скликання,2012-12-12,
Кириленко В'ячеслав Анатолійович,"Фракція Всеукраїнського об'єднання ""Батьківщина""",2012-12-12,
Кириленко Іван Григорович,"Фракція Всеукраїнського об'єднання ""Батьківщина""",2012-12-12,
Кириленко Павло Веніамінович,"Фракція Всеукраїнське об'єднання ""Свобода""",2012-12-12,
Ківалов Сергій Васильович,Фракція ПАРТІЇ РЕГІОНІВ у Верховній Раді України сьомого скликання,2012-12-12,2014-07-04
Кілінкаров Спірідон Павлович,Фракція Комуністичної партії України,2012-12-12,2014-07-24
Кінах Анатолій Кирилович,Фракція ПАРТІЇ РЕГІОНІВ у Верховній Раді України сьомого скликання,2012-12-12,2014-02-22
Кінах Анатолій Кирилович,"Група ""Економічний розвиток""",2014-02-24,
Кіссе Антон Іванович,Фракція ПАРТІЇ РЕГІОНІВ у Верховній Раді України сьомого скликання,2012-12-12,2014-07-04
Кличко Віталій Володимирович,"Фракція Політичної партії ""УДАР (Український Демократичний Альянс за Реформи) Віталія Кличка""",2012-12-12,2014-06-05
Клімов Леонід Михайлович,Фракція ПАРТІЇ РЕГІОНІВ у Верховній Раді України сьомого скликання,2012-12-12,2014-02-24
Клімов Леонід Михайлович,"Група ""Економічний розвиток""",2014-02-24,
Клюєв Сергій Петрович,Фракція ПАРТІЇ РЕГІОНІВ у Верховній Раді України сьомого скликання,2012-12-12,2014-03-04
Княжицький Микола Леонідович,"Фракція Всеукраїнського об'єднання ""Батьківщина""",2012-12-12,
Князевич Руслан Петрович,"Фракція Всеукраїнського об'єднання ""Батьківщина""",2012-12-12,
Коваль Олександр Іванович,Фракція ПАРТІЇ РЕГІОНІВ у Верховній Раді України сьомого скликання,2012-12-12,
Ковальчук Віталій Анатолійович,"Фракція Політичної партії ""УДАР (Український Демократичний Альянс за Реформи) Віталія Кличка""",2012-12-12,
Ковач Василь Ілліч,Фракція ПАРТІЇ РЕГІОНІВ у Верховній Раді України сьомого скликання,2012-12-12,2014-02-20
Ковач Василь Ілліч,"Група ""Суверенна європейська Україна""",2014-02-27,
Кожара Леонід Олександрович,Фракція ПАРТІЇ РЕГІОНІВ у Верховній Раді України сьомого скликання,2012-12-12,2012-12-25
Кожем'якін Андрій Анатолійович,"Фракція Всеукраїнського об'єднання ""Батьківщина""",2012-12-12,
Козуб Олександр Андрійович,Фракція ПАРТІЇ РЕГІОНІВ у Верховній Раді України сьомого скликання,2013-03-19,2014-06-03
Козуб Олександр Андрійович,"Група ""За мир та стабільність""",2014-07-02,
Колганова Олена Валеріївна,"Фракція Всеукраїнського об'єднання ""Батьківщина""",2014-03-25,
Колесніков Борис Вікторович,Фракція ПАРТІЇ РЕГІОНІВ у Верховній Раді України сьомого скликання,2012-12-12,
Колесніченко Вадим Васильович,Фракція ПАРТІЇ РЕГІОНІВ у Верховній Раді України сьомого скликання,2012-12-12,2014-04-15
Кондратюк Олена Костянтинівна,"Фракція Всеукраїнського об'єднання ""Батьківщина""",2012-12-12,
Корж Павло Петрович,Фракція ПАРТІЇ РЕГІОНІВ у Верховній Раді України сьомого скликання,2012-12-12,
Коржев Анатолій Леонідович,Фракція ПАРТІЇ РЕГІОНІВ у Верховній Раді України сьомого скликання,2012-12-12,
Корнійчук Олександр Олександрович,"Фракція Політичної партії ""УДАР (Український Демократичний Альянс за Реформи) Віталія Кличка""",2012-12-12,
Королюк Валентин Анатолійович,"Фракція Всеукраїнського об'єднання ""Батьківщина""",2012-12-12,
Котеляк Лідія Леонідівна,"Фракція Всеукраїнського об'єднання ""Батьківщина""",2012-12-12,
Кошулинський Руслан Володимирович,"Фракція Всеукраїнське об'єднання ""Свобода""",2012-12-12,2012-12-13
Кравчук Василь Петрович,"Фракція Всеукраїнського об'єднання ""Батьківщина""",2012-12-12,2013-07-04
Кривецький Ігор Ігорович,"Фракція Всеукраїнське об'єднання ""Свобода""",2012-12-12,
Круглов Микола Петрович,Фракція ПАРТІЇ РЕГІОНІВ у Верховній Раді України сьомого скликання,2014-02-04,2014-02-22
Круглов Микола Петрович,"Група ""Економічний розвиток""",2014-02-24,
Крук Юрій Борисович,Фракція ПАРТІЇ РЕГІОНІВ у Верховній Раді України сьомого скликання,2012-12-12,2014-02-22
Крук Юрій Борисович,"Група ""Економічний розвиток""",2014-02-24,
Крутій Віталій Іванович,"Фракція Політичної партії ""УДАР (Український Демократичний Альянс за Реформи) Віталія Кличка""",2014-04-11,
Кубів Степан Іванович,"Фракція Всеукраїнського об'єднання ""Батьківщина""",2012-12-12,2014-03-04
Кудря Володимир Іларіонович,Фракція Комуністичної партії України,2012-12-12,2014-07-01
Кудря Володимир Іларіонович,"Група ""За мир та стабільність""",2014-07-02,
Кужель Олександра Володимирівна,"Фракція Всеукраїнського об'єднання ""Батьківщина""",2012-12-12,
Кузьменко Сергій Анатолійович,Фракція ПАРТІЇ РЕГІОНІВ у Верховній Раді України сьомого скликання,2012-12-12,2014-02-22
Кузьмук Олександр Іванович,Фракція ПАРТІЇ РЕГІОНІВ у Верховній Раді України сьомого скликання,2012-12-12,2014-02-22
Кузьмук Олександр Іванович,"Група ""Економічний розвиток""",2014-02-24,
Кулініч Олег Іванович,Фракція ПАРТІЇ РЕГІОНІВ у Верховній Раді України сьомого скликання,2012-12-12,2014-02-21
Кулініч Олег Іванович,"Група ""Економічний розвиток""",2014-02-24,
Куніцин Сергій Володимирович,"Фракція Політичної партії ""УДАР (Український Демократичний Альянс за Реформи) Віталія Кличка""",2012-12-12,
Кунченко Олексій Петрович,Фракція ПАРТІЇ РЕГІОНІВ у Верховній Раді України сьомого скликання,2012-12-12,
Купрейчик Ірина Валеріївна,"Фракція Всеукраїнського об'єднання ""Батьківщина""",2012-12-12,
Купчак Володимир Романович,"Фракція Всеукраїнського об'єднання ""Батьківщина""",2012-12-12,2013-06-06
Куренной Володимир Костянтинович,"Фракція Політичної партії ""УДАР (Український Демократичний Альянс за Реформи) Віталія Кличка""",2012-12-12,
Куровський Іван Іванович,Фракція ПАРТІЇ РЕГІОНІВ у Верховній Раді України сьомого скликання,2012-12-12,2014-02-21
Курпіль Степан Володимирович,"Фракція Всеукраїнського об'єднання ""Батьківщина""",2012-12-12,
Кутовий Вячеслав Григорович,"Фракція Всеукраїнського об'єднання ""Батьківщина""",2012-12-12,2013-06-06
Кутовий Тарас Вікторович,"Фракція Політичної партії ""УДАР (Український Демократичний Альянс за Реформи) Віталія Кличка""",2012-12-12,
Кучерук Микола Герасимович,"Фракція Всеукраїнського об'єднання ""Батьківщина""",2012-12-12,
Лабазюк Сергій Петрович,"Група ""Суверенна європейська Україна""",2014-02-27,
Лавринович Олександр Володимирович,Фракція ПАРТІЇ РЕГІОНІВ у Верховній Раді України сьомого скликання,2012-12-12,2012-12-25
Ландик Валентин Іванович,Фракція ПАРТІЇ РЕГІОНІВ у Верховній Раді України сьомого скликання,2012-12-12,
Ланьо Михайло Іванович,Фракція ПАРТІЇ РЕГІОНІВ у Верховній Раді України сьомого скликання,2012-12-12,2014-02-20
Ланьо Михайло Іванович,"Група ""Суверенна європейська Україна""",2014-02-27,
Лебедєв Павло Валентинович,Фракція ПАРТІЇ РЕГІОНІВ у Верховній Раді України сьомого скликання,2012-12-12,2013-03-22
Левченко Микола Олександрович,Фракція ПАРТІЇ РЕГІОНІВ у Верховній Раді України сьомого скликання,2012-12-12,
Левченко Ольга Володимирівна,Фракція Комуністичної партії України,2012-12-12,2014-07-24
Ледовських Олена Володимирівна,"Фракція Всеукраїнського об'єднання ""Батьківщина""",2014-03-25,
Лелюк Олексій Володимирович,Фракція ПАРТІЇ РЕГІОНІВ у Верховній Раді України сьомого скликання,2012-12-12,2014-02-27
Леонов Едуард Володимирович,"Фракція Всеукраїнське об'єднання ""Свобода""",2012-12-12,
Литвин Володимир Михайлович,"Група ""Суверенна європейська Україна""",2014-02-27,
Литвинов Леонід Федорович,Фракція ПАРТІЇ РЕГІОНІВ у Верховній Раді України сьомого скликання,2012-12-12,
Лопачак Маркіян Романович,"Фракція Всеукраїнське об'єднання ""Свобода""",2014-03-25,
Лукашук Олег Григорович,"Фракція Всеукраїнського об'єднання ""Батьківщина""",2012-12-12,
Лук'янов Владислав Валентинович,Фракція ПАРТІЇ РЕГІОНІВ у Верховній Раді України сьомого скликання,2012-12-12,2014-06-03
Лук'янов Владислав Валентинович,"Група ""За мир та стабільність""",2014-07-02,
Лук'янчук Руслан Валерійович,"Фракція Всеукраїнського об'єднання ""Батьківщина""",2012-12-12,
Лунченко Валерій Валерійович,"Фракція Всеукраїнського об'єднання ""Батьківщина""",2012-12-12,
Луценко Ірина Степанівна,"Фракція Всеукраїнського об'єднання ""Батьківщина""",2012-12-12,
Льовочкіна Юлія Володимирівна,Фракція ПАРТІЇ РЕГІОНІВ у Верховній Раді України сьомого скликання,2012-12-12,2014-04-08
Любоненко Юрій Вікторович,Фракція ПАРТІЇ РЕГІОНІВ у Верховній Раді України сьомого скликання,2012-12-12,
Лютікова Валентина Іванівна,Фракція ПАРТІЇ РЕГІОНІВ у Верховній Раді України сьомого скликання,2012-12-12,2014-06-03
Лютікова Валентина Іванівна,"Група ""За мир та стабільність""",2014-07-02,
Ляпіна Ксенія Михайлівна,"Фракція Всеукраїнського об'єднання ""Батьківщина""",2012-12-12,
Макеєнко Володимир Володимирович,Фракція ПАРТІЇ РЕГІОНІВ у Верховній Раді України сьомого скликання,2012-12-12,2014-02-21
Макул Леонід Якович,"Фракція Всеукраїнського об'єднання ""Батьківщина""",2014-03-25,
Малишев Володимир Степанович,Фракція ПАРТІЇ РЕГІОНІВ у Верховній Раді України сьомого скликання,2012-12-12,
Мальцев Володимир Олександрович,Фракція ПАРТІЇ РЕГІОНІВ у Верховній Раді України сьомого скликання,2012-12-12,
Марков Ігор Олегович,Фракція ПАРТІЇ РЕГІОНІВ у Верховній Раді України сьомого скликання,2012-12-12,2013-09-17
Мармазов Євген Васильович,Фракція Комуністичної партії України,2013-01-10,2014-07-24
Мартиненко Микола Володимирович,"Фракція Всеукраїнського об'єднання ""Батьківщина""",2012-12-12,
Мартинюк Адам Іванович,Фракція Комуністичної партії України,2012-12-12,2014-07-24
Мартинюк Леонтій Святославович,"Фракція Всеукраїнське об'єднання ""Свобода""",2012-12-12,
Мартиняк Сергій Васильович,"Група ""Суверенна європейська Україна""",2014-02-27,
Мартовицький Артур Володимирович,Фракція ПАРТІЇ РЕГІОНІВ у Верховній Раді України сьомого скликання,2012-12-12,
Марцінків Руслан Романович,"Фракція Всеукраїнське об'єднання ""Свобода""",2012-12-12,
Матвєєв Валентин Григорович,Фракція Комуністичної партії України,2012-12-12,2014-07-24
Матвієнков Сергій Анатолійович,Фракція ПАРТІЇ РЕГІОНІВ у Верховній Раді України сьомого скликання,2012-12-12,
Матіос Марія Василівна,"Фракція Політичної партії ""УДАР (Український Демократичний Альянс за Реформи) Віталія Кличка""",2012-12-12,
Махніцький Олег Ігорович,"Фракція Всеукраїнське об'єднання ""Свобода""",2012-12-12,2014-03-17
Медуниця Олег Вячеславович,"Фракція Всеукраїнського об'єднання ""Батьківщина""",2012-12-12,
Медяник Володимир Юрійович,Фракція ПАРТІЇ РЕГІОНІВ у Верховній Раді України сьомого скликання,2012-12-12,2014-06-05
Медяник Володимир Юрійович,"Група ""За мир та стабільність""",2014-07-02,
Мельник Євген Іванович,"Фракція Всеукраїнське об'єднання ""Свобода""",2012-12-12,
Мельник Станіслав Анатолійович,Фракція ПАРТІЇ РЕГІОНІВ у Верховній Раді України сьомого скликання,2012-12-12,
Мельниченко Володимир Володимирович,Фракція ПАРТІЇ РЕГІОНІВ у Верховній Раді України сьомого скликання,2012-12-12,2013-12-19
Мельничук Лариса Юріївна,Фракція ПАРТІЇ РЕГІОНІВ у Верховній Раді України сьомого скликання,2012-12-12,2014-02-22
Мельничук Лариса Юріївна,"Група ""Суверенна європейська Україна""",2014-02-27,
Меріков Вадим Іванович,"Фракція Всеукраїнського об'єднання ""Батьківщина""",2014-03-15,
Миримський Лев Юлійович,"Група ""За мир та стабільність""",2014-07-02,2014-10-14
Мирний Іван Миколайович,Фракція ПАРТІЇ РЕГІОНІВ у Верховній Раді України сьомого скликання,2013-03-19,2014-02-22
Мирний Олександр Борисович,"Фракція Всеукраїнське об'єднання ""Свобода""",2012-12-12,
Мироненко Михайло Іванович,Фракція ПАРТІЇ РЕГІОНІВ у Верховній Раді України сьомого скликання,2012-12-12,2014-02-22
Мироненко Михайло Іванович,"Група ""Економічний розвиток""",2014-02-24,
Мисик Володимир Юрійович,Фракція ПАРТІЇ РЕГІОНІВ у Верховній Раді України сьомого скликання,2012-12-12,2014-02-22
Мисик Володимир Юрійович,"Група ""Економічний розвиток""",2014-02-24,
Михайленко Ольга Дмитрівна,Фракція Комуністичної партії України,2012-12-12,2014-07-24
Михальчишин Юрій Адріянович,"Фракція Всеукраїнське об'єднання ""Свобода""",2012-12-12,
Мірошниченко Ігор Михайлович,"Фракція Всеукраїнське об'єднання ""Свобода""",2012-12-12,
Мірошниченко Юрій Романович,Фракція ПАРТІЇ РЕГІОНІВ у Верховній Раді України сьомого скликання,2012-12-12,2014-04-08
Міщенко Андрій Миколайович,"Фракція Всеукраїнське об'єднання ""Свобода""",2012-12-12,
Молоток Ігор Федорович,Фракція ПАРТІЇ РЕГІОНІВ у Верховній Раді України сьомого скликання,2012-12-12,2014-02-27
Молоток Ігор Федорович,"Група ""Суверенна європейська Україна""",2014-02-27,
Момот Олександр Іванович,Фракція ПАРТІЇ РЕГІОНІВ у Верховній Раді України сьомого скликання,2012-12-12,
Морозенко Євгеній Вадимович,Фракція ПАРТІЇ РЕГІОНІВ у Верховній Раді України сьомого скликання,2012-12-12,
Москаленко Ярослав Миколайович,Фракція ПАРТІЇ РЕГІОНІВ у Верховній Раді України сьомого скликання,2012-12-12,2014-02-21
Москаленко Ярослав Миколайович,"Група ""Суверенна європейська Україна""",2014-02-27,
Москаль Геннадій Геннадійович,"Фракція Всеукраїнського об'єднання ""Батьківщина""",2012-12-12,
Мохник Андрій Володимирович,"Фракція Всеукраїнське об'єднання ""Свобода""",2012-12-12,2014-02-28
Мочков Олександр Борисович,"Фракція Політичної партії ""УДАР (Український Демократичний Альянс за Реформи) Віталія Кличка""",2012-12-12,
Мошак Сергій Миколайович,Фракція ПАРТІЇ РЕГІОНІВ у Верховній Раді України сьомого скликання,2012-12-12,2014-02-20
Мошенський Валерій Захарович,"Група ""Суверенна європейська Україна""",2014-02-27,
Мураєв Євгеній Володимирович,Фракція ПАРТІЇ РЕГІОНІВ у Верховній Раді України сьомого скликання,2012-12-12,2014-06-03
Мураєв Євгеній Володимирович,"Група ""За мир та стабільність""",2014-07-02,
Мхітарян Нвєр Мнацаканович,Фракція ПАРТІЇ РЕГІОНІВ у Верховній Раді України сьомого скликання,2012-12-12,2014-02-22
Мхітарян Нвєр Мнацаканович,"Група ""Економічний розвиток""",2014-02-24,
Наконечний Володимир Леонтієвич,Фракція ПАРТІЇ РЕГІОНІВ у Верховній Раді України сьомого скликання,2012-12-12,2014-03-04
Наливайченко Валентин Олександрович,"Фракція Політичної партії ""УДАР (Український Демократичний Альянс за Реформи) Віталія Кличка""",2012-12-12,2014-03-17
Негой Федір Федорович,"Фракція Політичної партії ""УДАР (Український Демократичний Альянс за Реформи) Віталія Кличка""",2012-12-12,
Немиря Григорій Михайлович,"Фракція Всеукраїнського об'єднання ""Батьківщина""",2012-12-12,
Немілостівий Віталій Олександрович,"Фракція Всеукраїнського об'єднання ""Батьківщина""",2012-12-12,2013-04-04
Нетецька Олена Анатоліївна,Фракція ПАРТІЇ РЕГІОНІВ у Верховній Раді України сьомого скликання,2012-12-12,
Нечаєв Олександр Ігоревич,Фракція ПАРТІЇ РЕГІОНІВ у Верховній Раді України сьомого скликання,2012-12-12,2014-04-08
Ничипоренко Валентин Миколайович,Фракція ПАРТІЇ РЕГІОНІВ у Верховній Раді України сьомого скликання,2012-12-12,2014-02-17
Ничипоренко Валентин Миколайович,"Група ""Економічний розвиток""",2014-02-24,
Новак Наталія Василівна,"Фракція Політичної партії ""УДАР (Український Демократичний Альянс за Реформи) Віталія Кличка""",2012-12-12,
Новинський Вадим Владиславович,Фракція ПАРТІЇ РЕГІОНІВ у Верховній Раді України сьомого скликання,2013-09-05,
Одарченко Юрій Віталійович,"Фракція Всеукраїнського об'єднання ""Батьківщина""",2012-12-12,
Олійник Володимир Миколайович,Фракція ПАРТІЇ РЕГІОНІВ у Верховній Раді України сьомого скликання,2012-12-12,2014-06-03
Олійник Володимир Миколайович,"Група ""За мир та стабільність""",2014-07-02,
Омельченко Валерій Павлович,Фракція ПАРТІЇ РЕГІОНІВ у Верховній Раді України сьомого скликання,2012-12-12,
Омельянович Денис Сергійович,Фракція ПАРТІЇ РЕГІОНІВ у Верховній Раді України сьомого скликання,2012-12-12,
Онищенко Олександр Романович,Фракція ПАРТІЇ РЕГІОНІВ у Верховній Раді України сьомого скликання,2012-12-12,2014-02-21
Онищенко Олександр Романович,"Група ""Економічний розвиток""",2014-02-24,
Опанащенко Михайло Володимирович,Фракція ПАРТІЇ РЕГІОНІВ у Верховній Раді України сьомого скликання,2012-12-12,2014-02-24
Опанащенко Михайло Володимирович,"Група ""За мир та стабільність""",2014-07-02,2014-10-07
Оробець Леся Юріївна,"Фракція Всеукраїнського об'єднання ""Батьківщина""",2012-12-12,
Осауленко Тарас Володимирович,"Фракція Всеукраїнське об'єднання ""Свобода""",2014-03-25,
Остапчук Віктор Миколайович,Фракція ПАРТІЇ РЕГІОНІВ у Верховній Раді України сьомого скликання,2012-12-12,2014-02-23
Остапчук Віктор Миколайович,"Група ""Економічний розвиток""",2014-05-16,
Осуховський Олег Іванович,"Фракція Всеукраїнське об'єднання ""Свобода""",2012-12-12,
Павелко Андрій Васильович,"Фракція Всеукраїнського об'єднання ""Батьківщина""",2012-12-12,2013-10-22
Павленко Ростислав Миколайович,"Фракція Політичної партії ""УДАР (Український Демократичний Альянс за Реформи) Віталія Кличка""",2012-12-12,
Павлов Костянтин Юрійович,Фракція ПАРТІЇ РЕГІОНІВ у Верховній Раді України сьомого скликання,2012-12-12,
Павловський Андрій Михайлович,"Фракція Всеукраїнського об'єднання ""Батьківщина""",2012-12-12,
Пазиняк Василь Степанович,"Фракція Всеукраїнського об'єднання ""Батьківщина""",2012-12-12,
Паламарчук Микола Петрович,"Фракція Політичної партії ""УДАР (Український Демократичний Альянс за Реформи) Віталія Кличка""",2012-12-12,
Палатний Артур Леонідович,"Фракція Політичної партії ""УДАР (Український Демократичний Альянс за Реформи) Віталія Кличка""",2012-12-12,
Панькевич Олег Ігорович,"Фракція Всеукраїнське об'єднання ""Свобода""",2012-12-12,
Парасків Олег Дмитрович,Фракція ПАРТІЇ РЕГІОНІВ у Верховній Раді України сьомого скликання,2012-12-12,2014-06-06
Парасків Олег Дмитрович,"Група ""За мир та стабільність""",2014-07-02,
Парубій Андрій Володимирович,"Фракція Всеукраїнського об'єднання ""Батьківщина""",2012-12-12,2014-03-17
Парубок Омелян Никонович,Фракція Комуністичної партії України,2012-12-12,2014-07-24
Пацкан Валерій Васильович,"Фракція Політичної партії ""УДАР (Український Демократичний Альянс за Реформи) Віталія Кличка""",2012-12-12,
Пашинський Сергій Володимирович,"Фракція Всеукраїнського об'єднання ""Батьківщина""",2012-12-12,
Петренко Павло Дмитрович,"Фракція Всеукраїнського об'єднання ""Батьківщина""",2012-12-12,2014-03-17
Пехов Володимир Анатолійович,Фракція ПАРТІЇ РЕГІОНІВ у Верховній Раді України сьомого скликання,2012-12-12,2014-02-21
Пилипенко Володимир Пилипович,Фракція ПАРТІЇ РЕГІОНІВ у Верховній Раді України сьомого скликання,2012-12-12,2014-02-21
Пилипенко Володимир Пилипович,"Група ""Економічний розвиток""",2014-02-24,
Пилипишин Віктор Петрович,"Група ""Суверенна європейська Україна""",2014-02-27,
Пинзеник Віктор Михайлович,"Фракція Політичної партії ""УДАР (Український Демократичний Альянс за Реформи) Віталія Кличка""",2012-12-12,
Писаренко Валерій Володимирович,Фракція ПАРТІЇ РЕГІОНІВ у Верховній Раді України сьомого скликання,2012-12-12,
Пишний Андрій Григорович,"Фракція Всеукраїнського об'єднання ""Батьківщина""",2012-12-12,
Пінчук Андрій Павлович,Фракція ПАРТІЇ РЕГІОНІВ у Верховній Раді України сьомого скликання,2012-12-12,2014-04-11
Пінчук Андрій Павлович,"Група ""Економічний розвиток""",2014-10-07,
Побер Ігор Миколайович,"Фракція Політичної партії ""УДАР (Український Демократичний Альянс за Реформи) Віталія Кличка""",2012-12-12,
Повалій Таїсія Миколаївна,Фракція ПАРТІЇ РЕГІОНІВ у Верховній Раді України сьомого скликання,2012-12-12,2014-06-03
Повалій Таїсія Миколаївна,"Група ""За мир та стабільність""",2014-07-02,
Полочанінов Володимир Геннадійович,"Фракція Всеукраїнського об'єднання ""Батьківщина""",2012-12-12,
Поляков Василь Леонідович,Фракція ПАРТІЇ РЕГІОНІВ у Верховній Раді України сьомого скликання,2012-12-25,2014-04-08
Поляченко Юрій Володимирович,Фракція ПАРТІЇ РЕГІОНІВ у Верховній Раді України сьомого скликання,2013-01-10,2014-02-22
Пономарьов Андрій Вікторович,Фракція ПАРТІЇ РЕГІОНІВ у Верховній Раді України сьомого скликання,2012-12-12,
Пономарьов Олександр Сергійович,Фракція ПАРТІЇ РЕГІОНІВ у Верховній Раді України сьомого скликання,2012-12-12,2014-06-03
Пономарьов Олександр Сергійович,"Група ""За мир та стабільність""",2014-07-04,
Попеску Іван Васильович,Фракція ПАРТІЇ РЕГІОНІВ у Верховній Раді України сьомого скликання,2012-12-12,2014-02-22
Попеску Іван Васильович,"Група ""Економічний розвиток""",2014-05-29,
Поплавський Михайло Михайлович,"Група ""Суверенна європейська Україна""",2014-02-27,
Прасолов Ігор Миколайович,Фракція ПАРТІЇ РЕГІОНІВ у Верховній Раді України сьомого скликання,2012-12-12,2013-01-11
Пресман Олександр Семенович,Фракція ПАРТІЇ РЕГІОНІВ у Верховній Раді України сьомого скликання,2012-12-12,2014-02-22
Пресман Олександр Семенович,"Група ""Економічний розвиток""",2014-02-24,
Пригодський Антон Вікентійович,Фракція ПАРТІЇ РЕГІОНІВ у Верховній Раді України сьомого скликання,2012-12-12,2014-02-21
Присяжнюк Олександр Андрійович,Фракція Комуністичної партії України,2012-12-12,2014-07-01
Присяжнюк Олександр Андрійович,"Група ""За мир та стабільність""",2014-07-02,
Продан Оксана Петрівна,"Фракція Політичної партії ""УДАР (Український Демократичний Альянс за Реформи) Віталія Кличка""",2012-12-12,
Продивус Володимир Степанович,Фракція ПАРТІЇ РЕГІОНІВ у Верховній Раді України сьомого скликання,2012-12-12,2014-02-21
Путілов Андрій Станіславович,"Фракція Політичної партії ""УДАР (Український Демократичний Альянс за Реформи) Віталія Кличка""",2012-12-12,
Пшонка Артем Вікторович,Фракція ПАРТІЇ РЕГІОНІВ у Верховній Раді України сьомого скликання,2012-12-12,
Развадовський Віктор Йосипович,Фракція ПАРТІЇ РЕГІОНІВ у Верховній Раді України сьомого скликання,2012-12-12,2014-02-20
Развадовський Віктор Йосипович,"Група ""Суверенна європейська Україна""",2014-02-27,
Раупов Рустам Бурханович,"Фракція Політичної партії ""УДАР (Український Демократичний Альянс за Реформи) Віталія Кличка""",2012-12-12,
Ревенко Анатолій Дмитрович,"Фракція Політичної партії ""УДАР (Український Демократичний Альянс за Реформи) Віталія Кличка""",2014-03-27,
Рибак Володимир Васильович,Фракція ПАРТІЇ РЕГІОНІВ у Верховній Раді України сьомого скликання,2012-12-12,2012-12-13
Рибак Володимир Васильович,Фракція ПАРТІЇ РЕГІОНІВ у Верховній Раді України сьомого скликання,2014-02-23,
Риженков Олександр Миколайович,Фракція ПАРТІЇ РЕГІОНІВ у Верховній Раді України сьомого скликання,2012-12-12,
Різаненко Павло Олександрович,"Фракція Політичної партії ""УДАР (Український Демократичний Альянс за Реформи) Віталія Кличка""",2012-12-12,
Розенко Павло Валерійович,"Фракція Політичної партії ""УДАР (Український Демократичний Альянс за Реформи) Віталія Кличка""",2012-12-12,
Романюк Роман Сергійович,"Фракція Політичної партії ""УДАР (Український Демократичний Альянс за Реформи) Віталія Кличка""",2012-12-12,
Рудьковський Микола Миколайович,Фракція ПАРТІЇ РЕГІОНІВ у Верховній Раді України сьомого скликання,2012-12-12,2014-02-20
Рябікін Павло Борисович,"Фракція Політичної партії ""УДАР (Український Демократичний Альянс за Реформи) Віталія Кличка""",2012-12-12,
Сабій Ігор Михайлович,"Фракція Всеукраїнське об'єднання ""Свобода""",2012-12-12,
Савчук Юрій Петрович,"Фракція Політичної партії ""УДАР (Український Демократичний Альянс за Реформи) Віталія Кличка""",2012-12-12,2014-05-13
Сальдо Володимир Васильович,Фракція ПАРТІЇ РЕГІОНІВ у Верховній Раді України сьомого скликання,2012-12-12,2014-02-22
Сальдо Володимир Васильович,"Група ""Економічний розвиток""",2014-02-24,
Самойленко Василь Петрович,Фракція Комуністичної партії України,2012-12-12,2014-07-01
Самойленко Василь Петрович,"Група ""За мир та стабільність""",2014-07-02,
Самойленко Юрій Павлович,Фракція ПАРТІЇ РЕГІОНІВ у Верховній Раді України сьомого скликання,2012-12-12,2014-06-03
Самойленко Юрій Павлович,Фракція ПАРТІЇ РЕГІОНІВ у Верховній Раді України сьомого скликання,2014-07-03,
Сас Сергій Володимирович,"Фракція Всеукраїнського об'єднання ""Батьківщина""",2012-12-12,2014-03-13
Святаш Дмитро Володимирович,Фракція ПАРТІЇ РЕГІОНІВ у Верховній Раді України сьомого скликання,2012-12-12,
Селіваров Андрій Борисович,Фракція ПАРТІЇ РЕГІОНІВ у Верховній Раді України сьомого скликання,2012-12-12,
Семенюк Артем Олексійович,Фракція ПАРТІЇ РЕГІОНІВ у Верховній Раді України сьомого скликання,2012-12-12,2014-04-08
Сенченко Андрій Віленович,"Фракція Всеукраїнського об'єднання ""Батьківщина""",2012-12-12,
Сергієнко Леонід Григорович,"Фракція Всеукраїнського об'єднання ""Батьківщина""",2012-12-12,2013-10-22
Сергієнко Леонід Григорович,"Група ""Суверенна європейська Україна""",2014-02-27,
Сех Ірина Ігорівна,"Фракція Всеукраїнське об'єднання ""Свобода""",2012-12-12,
Симоненко Петро Миколайович,Фракція Комуністичної партії України,2012-12-12,2014-07-24
Сиротюк Олег Мирославович,"Фракція Всеукраїнське об'єднання ""Свобода""",2012-12-12,2014-03-17
Сиротюк Юрій Миколайович,"Фракція Всеукраїнське об'єднання ""Свобода""",2012-12-12,
Сич Олександр Максимович,"Фракція Всеукраїнське об'єднання ""Свобода""",2012-12-12,2014-02-28
Сігал Євген Якович,Фракція ПАРТІЇ РЕГІОНІВ у Верховній Раді України сьомого скликання,2012-12-12,2014-02-21
Сікора Ольга Мирославівна,"Фракція Всеукраїнського об'єднання ""Батьківщина""",2012-12-12,
Скарбовійчук Руслан Володимирович,Фракція Комуністичної партії України,2012-12-12,2014-06-19
Скарбовійчук Руслан Володимирович,"Група ""За мир та стабільність""",2014-07-02,
Скосар Ігор Євгенійович,"Фракція Всеукраїнського об'єднання ""Батьківщина""",2012-12-12,2013-04-04
Скубашевський Станіслав Валеріанович,Фракція ПАРТІЇ РЕГІОНІВ у Верховній Раді України сьомого скликання,2012-12-12,
Слюз Тетяна Ярославівна,"Фракція Всеукраїнського об'єднання ""Батьківщина""",2012-12-12,2014-05-13
Смітюх Григорій Євдокимович,Фракція ПАРТІЇ РЕГІОНІВ у Верховній Раді України сьомого скликання,2012-12-12,2014-02-21
Соболєв Сергій Владиславович,"Фракція Всеукраїнського об'єднання ""Батьківщина""",2012-12-12,
Солошенко Микола Павлович,Фракція ПАРТІЇ РЕГІОНІВ у Верховній Раді України сьомого скликання,2012-12-12,
Сольвар Руслан Миколайович,"Фракція Політичної партії ""УДАР (Український Демократичний Альянс за Реформи) Віталія Кличка""",2012-12-12,
Сорока Микола Петрович,Фракція ПАРТІЇ РЕГІОНІВ у Верховній Раді України сьомого скликання,2012-12-12,2014-02-21
Сорока Микола Петрович,"Група ""Суверенна європейська Україна""",2014-02-27,
Спіріна Ірина Дмитрівна,Фракція Комуністичної партії України,2012-12-12,2014-07-24
Стаднійчук Роман Васильович,"Фракція Всеукраїнського об'єднання ""Батьківщина""",2013-03-19,2013-04-04
Стець Юрій Ярославович,"Фракція Всеукраїнського об'єднання ""Батьківщина""",2012-12-12,
Стойко Іван Михайлович,"Фракція Всеукраїнського об'єднання ""Батьківщина""",2012-12-12,
Стоян Олександр Миколайович,Фракція ПАРТІЇ РЕГІОНІВ у Верховній Раді України сьомого скликання,2012-12-12,2014-02-22
Стоян Олександр Миколайович,"Група ""Економічний розвиток""",2014-03-14,
Струк Володимир Олексійович,Фракція ПАРТІЇ РЕГІОНІВ у Верховній Раді України сьомого скликання,2012-12-12,2014-06-03
Струк Володимир Олексійович,"Група ""За мир та стабільність""",2014-07-02,
Ступак Іван Іванович,Фракція ПАРТІЇ РЕГІОНІВ у Верховній Раді України сьомого скликання,2012-12-12,
Сухий Ярослав Михайлович,Фракція ПАРТІЇ РЕГІОНІВ у Верховній Раді України сьомого скликання,2012-12-12,2014-02-22
Сухий Ярослав Михайлович,"Група ""Економічний розвиток""",2014-02-24,
Сушкевич Валерій Михайлович,"Фракція Всеукраїнського об'єднання ""Батьківщина""",2012-12-12,
Табалов Андрій Олександрович,"Група ""Економічний розвиток""",2014-02-24,
Табалов Олександр Миколайович,"Група ""Економічний розвиток""",2014-02-24,
Табачник Дмитро Володимирович,Фракція ПАРТІЇ РЕГІОНІВ у Верховній Раді України сьомого скликання,2012-12-12,2012-12-25
Табачнік Яків Піневич,Фракція ПАРТІЇ РЕГІОНІВ у Верховній Раді України сьомого скликання,2012-12-12,2014-02-22
Табачнік Яків Піневич,"Група ""Економічний розвиток""",2014-02-27,
Тарасюк Борис Іванович,"Фракція Всеукраїнського об'єднання ""Батьківщина""",2012-12-12,
Тедеєв Ельбрус Сосланович,Фракція ПАРТІЇ РЕГІОНІВ у Верховній Раді України сьомого скликання,2012-12-12,
Терьохін Сергій Анатолійович,"Фракція Всеукраїнського об'єднання ""Батьківщина""",2012-12-12,
Тимошенко Віктор Анатолійович,"Група ""Суверенна європейська Україна""",2014-02-27,
Тихонов Віктор Миколайович,Фракція ПАРТІЇ РЕГІОНІВ у Верховній Раді України сьомого скликання,2012-12-12,2014-06-03
Тихонов Віктор Миколайович,"Група ""За мир та стабільність""",2014-07-02,
Тігіпко Сергій Леонідович,Фракція ПАРТІЇ РЕГІОНІВ у Верховній Раді України сьомого скликання,2012-12-12,2014-04-08
Ткачук Геннадій Віталійович,"Фракція Політичної партії ""УДАР (Український Демократичний Альянс за Реформи) Віталія Кличка""",2012-12-12,
Томенко Микола Володимирович,"Фракція Всеукраїнського об'єднання ""Батьківщина""",2012-12-12,
Топалов Сергій Валерійович,Фракція Комуністичної партії України,2012-12-12,2014-05-13
Труханов Геннадій Леонідович,Фракція ПАРТІЇ РЕГІОНІВ у Верховній Раді України сьомого скликання,2012-12-12,2014-02-22
Труханов Геннадій Леонідович,"Група ""Економічний розвиток""",2014-02-24,
Турманов Віктор Іванович,Фракція ПАРТІЇ РЕГІОНІВ у Верховній Раді України сьомого скликання,2012-12-12,2014-04-11
Турчинов Олександр Валентинович,"Фракція Всеукраїнського об'єднання ""Батьківщина""",2012-12-12,2014-02-22
Тягнибок Андрій Ярославович,"Фракція Всеукраїнське об'єднання ""Свобода""",2012-12-12,
Тягнибок Олег Ярославович,"Фракція Всеукраїнське об'єднання ""Свобода""",2012-12-12,
Фабрикант Світлана Самуілівна,Фракція ПАРТІЇ РЕГІОНІВ у Верховній Раді України сьомого скликання,2012-12-12,2014-04-08
Фаєрмарк Сергій Олександрович,"Фракція Всеукраїнського об'єднання ""Батьківщина""",2012-12-12,
Фаріон Ірина Дмитрівна,"Фракція Всеукраїнське об'єднання ""Свобода""",2012-12-12,
Федорук Микола Трохимович,"Фракція Всеукраїнського об'єднання ""Батьківщина""",2012-12-12,
Федорчук Ярослав Петрович,"Фракція Всеукраїнського об'єднання ""Батьківщина""",2012-12-12,
Федоряк Геннадій Дмитрович,Фракція ПАРТІЇ РЕГІОНІВ у Верховній Раді України сьомого скликання,2012-12-12,2014-04-08
Фельдман Олександр Борисович,Фракція ПАРТІЇ РЕГІОНІВ у Верховній Раді України сьомого скликання,2012-12-12,
Фищук Олександр Георгійович,"Фракція Всеукраїнського об'єднання ""Батьківщина""",2012-12-12,
Фірсов Єгор Павлович,"Фракція Політичної партії ""УДАР (Український Демократичний Альянс за Реформи) Віталія Кличка""",2014-05-13,
Фурман Олексій Юрійович,"Фракція Всеукраїнське об'єднання ""Свобода""",2014-03-11,
Фурсін Іван Геннадійович,Фракція ПАРТІЇ РЕГІОНІВ у Верховній Раді України сьомого скликання,2012-12-12,2014-02-23
Фурсін Іван Геннадійович,"Група ""Суверенна європейська Україна""",2014-02-27,
Ханенко Святослав Михайлович,"Фракція Всеукраїнське об'єднання ""Свобода""",2012-12-12,
Хмельницький Василь Іванович,Фракція ПАРТІЇ РЕГІОНІВ у Верховній Раді України сьомого скликання,2012-12-12,2014-02-21
Хмельницький Василь Іванович,"Група ""Суверенна європейська Україна""",2014-02-27,
Хміль Михайло Михайлович,"Фракція Всеукраїнського об'єднання ""Батьківщина""",2012-12-12,
Хомутиннік Віталій Юрійович,Фракція ПАРТІЇ РЕГІОНІВ у Верховній Раді України сьомого скликання,2012-12-12,2014-02-21
Хомутиннік Віталій Юрійович,"Група ""Економічний розвиток""",2014-02-24,
Царьов Олег Анатолійович,Фракція ПАРТІЇ РЕГІОНІВ у Верховній Раді України сьомого скликання,2012-12-12,
Цибенко Петро Степанович,Фракція Комуністичної партії України,2012-12-12,2014-07-24
Циркін Ігор Маркович,Фракція ПАРТІЇ РЕГІОНІВ у Верховній Раді України сьомого скликання,2012-12-12,2014-07-03
Циркін Ігор Маркович,"Група ""Економічний розвиток""",2014-07-22,
Чернега Роман Тарасович,"Фракція Політичної партії ""УДАР (Український Демократичний Альянс за Реформи) Віталія Кличка""",2012-12-12,
Черняков Валерій Вікторович,"Фракція Всеукраїнське об'єднання ""Свобода""",2012-12-12,2014-04-01
Чертков Юрій Дмитрович,Фракція ПАРТІЇ РЕГІОНІВ у Верховній Раді України сьомого скликання,2012-12-12,
Чечетов Михайло Васильович,Фракція ПАРТІЇ РЕГІОНІВ у Верховній Раді України сьомого скликання,2012-12-12,
Чорна Галина Михайлівна,"Фракція Всеукраїнське об'єднання ""Свобода""",2014-04-09,
Чорноволенко Олександр Віленович,"Фракція Всеукраїнського об'єднання ""Батьківщина""",2012-12-12,
Чуб Володимир Євгенович,Фракція ПАРТІЇ РЕГІОНІВ у Верховній Раді України сьомого скликання,2012-12-12,2014-06-03
Чуб Володимир Євгенович,"Група ""За мир та стабільність""",2014-07-02,
Чубатенко Олександр Миколайович,"Фракція Всеукраїнського об'єднання ""Батьківщина""",2014-03-25,
Чугунніков Віталій Семенович,"Фракція Політичної партії ""УДАР (Український Демократичний Альянс за Реформи) Віталія Кличка""",2012-12-12,
Чумак Віктор Васильович,"Фракція Політичної партії ""УДАР (Український Демократичний Альянс за Реформи) Віталія Кличка""",2012-12-12,
Шаблатович Олег Миколайович,Фракція ПАРТІЇ РЕГІОНІВ у Верховній Раді України сьомого скликання,2012-12-12,2014-04-08
Шаповалов Юрій Анатолійович,Фракція ПАРТІЇ РЕГІОНІВ у Верховній Раді України сьомого скликання,2012-12-12,2014-02-20
Шаповалов Юрій Анатолійович,"Група ""Суверенна європейська Україна""",2014-02-27,
Шаров Ігор Федорович,Фракція ПАРТІЇ РЕГІОНІВ у Верховній Раді України сьомого скликання,2012-12-12,2014-02-21
Шаров Ігор Федорович,"Група ""Суверенна європейська Україна""",2014-02-27,
Шатворян Вілен Григорович,Фракція ПАРТІЇ РЕГІОНІВ у Верховній Раді України сьомого скликання,2012-12-12,
Швайка Ігор Олександрович,"Фракція Всеукраїнське об'єднання ""Свобода""",2012-12-12,2014-02-28
Швець Віктор Дмитрович,"Фракція Всеукраїнського об'єднання ""Батьківщина""",2012-12-12,
Шевченко Андрій Віталійович,"Фракція Всеукраїнського об'єднання ""Батьківщина""",2012-12-12,
Шевченко Олександр Оксеньтійович,"Фракція Всеукраїнське об'єднання ""Свобода""",2012-12-12,
Шевчук Олег Борисович,"Фракція Всеукраїнського об'єднання ""Батьківщина""",2014-03-25,
Шенцев Дмитро Олексійович,Фракція ПАРТІЇ РЕГІОНІВ у Верховній Раді України сьомого скликання,2012-12-12,
Шипко Андрій Федорович,Фракція ПАРТІЇ РЕГІОНІВ у Верховній Раді України сьомого скликання,2012-12-12,2014-02-27
Шипко Андрій Федорович,"Група ""Економічний розвиток""",2014-02-28,
Шкварилюк Володимир Васильович,"Фракція Всеукраїнського об'єднання ""Батьківщина""",2012-12-12,
Шкіря Ігор Миколайович,Фракція ПАРТІЇ РЕГІОНІВ у Верховній Раді України сьомого скликання,2012-12-12,
Шлемко Дмитро Васильович,"Фракція Всеукраїнського об'єднання ""Батьківщина""",2012-12-12,
Шпенов Дмитро Юрійович,Фракція ПАРТІЇ РЕГІОНІВ у Верховній Раді України сьомого скликання,2012-12-12,
Шугало Роман Васильович,Фракція Комуністичної партії України,2012-12-12,2014-07-04
Шугало Роман Васильович,"Група ""За мир та стабільність""",2014-07-04,
Шульга Володимир Петрович,"Фракція Всеукраїнського об'єднання ""Батьківщина""",2012-12-12,
Шуфрич Нестор Іванович,Фракція ПАРТІЇ РЕГІОНІВ у Верховній Раді України сьомого скликання,2012-12-12,
Щербань Артем Володимирович,Фракція ПАРТІЇ РЕГІОНІВ у Верховній Раді України сьомого скликання,2012-12-12,2014-02-22
Щербань Артем Володимирович,"Група ""Економічний розвиток""",2014-02-24,
Яворівський Володимир Олександрович,"Фракція Всеукраїнського об'єднання ""Батьківщина""",2012-12-12,
Янків Ігор Тарасович,"Фракція Всеукраїнське об'єднання ""Свобода""",2012-12-12,
Янукович Віктор Вікторович,Фракція ПАРТІЇ РЕГІОНІВ у Верховній Раді України сьомого скликання,2012-12-12,2014-05-13
Ярема Віталій Григорович,"Фракція Всеукраїнського об'єднання ""Батьківщина""",2012-12-12,2014-05-13
Яценко Антон Володимирович,Фракція ПАРТІЇ РЕГІОНІВ у Верховній Раді України сьомого скликання,2012-12-12,2014-02-21
Яценко Антон Володимирович,"Група ""Економічний розвиток""",2014-02-24,
Яценюк Арсеній Петрович,"Фракція Всеукраїнського об'єднання ""Батьківщина""",2012-12-12,2014-02-28
